Date,Text,Likes,Retweets
2023-07-26,Market volatility creating trading opportunities,88,83
2023-09-23,Investors confident about long term growth,309,120
2023-10-10,Hydropower stocks trending among investors,290,42
2022-06-23,Great opportunity to buy hydropower stocks,22,30
2023-10-26,Investors confident about long term growth,468,122
2022-04-12,Banking sector showing strong momentum,172,128
2023-09-25,Market looks bearish today,240,120
2022-06-23,Market looks bearish today,153,51
2023-05-28,Great opportunity to buy hydropower stocks,58,93
2023-03-21,Banking stocks may rise tomorrow,189,65
2023-09-30,Hydropower stocks trending among investors,207,143
2023-09-04,Great opportunity to buy hydropower stocks,31,124
2022-06-18,Market volatility creating trading opportunities,11,87
2023-09-19,Market looks bearish today,411,47
2023-04-04,Great opportunity to buy hydropower stocks,377,124
2022-03-05,NEPSE might correct soon,372,14
2022-11-07,Great opportunity to buy hydropower stocks,145,121
2022-06-28,Market looks bearish today,93,128
2022-03-02,Market volatility creating trading opportunities,180,78
2023-05-30,Market looks bearish today,145,48
2023-08-01,Great opportunity to buy hydropower stocks,308,78
2023-07-20,Market volatility creating trading opportunities,178,48
2023-08-06,Great opportunity to buy hydropower stocks,73,96
2022-03-05,Banking stocks may rise tomorrow,281,120
2022-09-05,Investors confident about long term growth,422,142
2023-09-05,Great opportunity to buy hydropower stocks,332,48
2022-09-24,Great opportunity to buy hydropower stocks,398,65
2022-01-24,Market volatility creating trading opportunities,268,69
2022-11-24,Banking sector showing strong momentum,8,94
2022-06-27,Investors confident about long term growth,193,74
2023-04-09,Hydropower stocks trending among investors,320,8
2023-10-15,Great opportunity to buy hydropower stocks,396,85
2022-05-23,NEPSE might correct soon,148,70
2023-02-03,Great opportunity to buy hydropower stocks,224,140
2022-10-02,Market looks bearish today,222,58
2022-08-23,Market volatility creating trading opportunities,311,141
2022-01-06,Hydropower stocks trending among investors,36,77
2023-10-30,Hydropower stocks trending among investors,302,109
2022-08-25,Investors confident about long term growth,485,90
2022-11-05,Banking stocks may rise tomorrow,27,123
2022-10-30,Banking sector showing strong momentum,74,114
2022-01-03,Banking sector showing strong momentum,23,105
2023-05-08,Market volatility creating trading opportunities,294,43
2022-03-11,Market volatility creating trading opportunities,465,68
2022-08-23,Investors confident about long term growth,49,15
2023-05-15,Investors confident about long term growth,50,30
2023-04-19,Investors confident about long term growth,177,43
2023-04-07,Great opportunity to buy hydropower stocks,452,75
2023-06-26,NEPSE might correct soon,447,100
2023-07-14,Market looks bearish today,22,14
2023-10-20,Hydropower stocks trending among investors,316,81
2023-03-29,Great opportunity to buy hydropower stocks,18,59
2023-08-03,Banking stocks may rise tomorrow,477,137
2022-07-27,Banking sector showing strong momentum,394,99
2023-01-24,Hydropower stocks trending among investors,123,98
2022-05-18,Hydropower stocks trending among investors,260,74
2023-08-19,NEPSE might correct soon,231,53
2022-05-15,NEPSE might correct soon,150,105
2023-11-10,NEPSE might correct soon,446,26
2022-08-23,Banking stocks may rise tomorrow,460,99
2022-06-02,Banking stocks may rise tomorrow,357,15
2022-08-18,Market volatility creating trading opportunities,404,12
2023-03-06,Hydropower stocks trending among investors,412,94
2022-08-04,Investors confident about long term growth,457,41
2023-01-14,Banking stocks may rise tomorrow,404,144
2022-02-24,Banking stocks may rise tomorrow,139,32
2022-06-19,Market looks bearish today,290,118
2023-02-17,Banking sector showing strong momentum,407,117
2023-03-30,Great opportunity to buy hydropower stocks,313,130
2022-07-27,Investors confident about long term growth,140,62
2022-09-21,Hydropower stocks trending among investors,326,92
2022-04-12,Hydropower stocks trending among investors,207,38
2023-03-01,Banking stocks may rise tomorrow,398,4
2023-10-12,NEPSE might correct soon,173,45
2023-03-29,NEPSE might correct soon,234,77
2022-02-09,Banking stocks may rise tomorrow,451,118
2023-02-11,Great opportunity to buy hydropower stocks,275,121
2022-04-15,Market looks bearish today,321,10
2023-02-06,Great opportunity to buy hydropower stocks,85,9
2022-04-18,Market looks bearish today,461,134
2023-03-23,Market volatility creating trading opportunities,42,90
2023-07-23,Banking sector showing strong momentum,21,117
2022-07-25,Hydropower stocks trending among investors,354,87
2022-02-21,Hydropower stocks trending among investors,218,94
2022-01-21,NEPSE might correct soon,434,1
2023-01-27,Banking sector showing strong momentum,154,69
2022-11-19,NEPSE might correct soon,60,59
2023-03-27,Great opportunity to buy hydropower stocks,278,69
2022-04-12,Market volatility creating trading opportunities,493,147
2022-08-10,NEPSE might correct soon,101,141
2023-08-19,Investors confident about long term growth,441,30
2022-05-19,Banking stocks may rise tomorrow,104,24
2023-10-22,Great opportunity to buy hydropower stocks,465,71
2022-08-17,Banking stocks may rise tomorrow,410,103
2022-05-01,Hydropower stocks trending among investors,95,102
2022-07-04,Banking stocks may rise tomorrow,205,43
2023-01-12,Market looks bearish today,330,39
2022-01-10,Banking sector showing strong momentum,74,84
2023-08-10,Market looks bearish today,196,116
2022-08-05,Investors confident about long term growth,297,111
2023-08-13,Banking stocks may rise tomorrow,65,74
2022-05-22,NEPSE might correct soon,340,20
2022-12-09,Great opportunity to buy hydropower stocks,352,84
2022-05-19,Hydropower stocks trending among investors,290,41
2023-06-28,Hydropower stocks trending among investors,283,104
2022-01-06,Great opportunity to buy hydropower stocks,129,20
2023-11-22,NEPSE might correct soon,437,142
2022-07-23,Hydropower stocks trending among investors,36,63
2022-11-05,Hydropower stocks trending among investors,166,34
2023-03-16,Banking sector showing strong momentum,365,119
2023-01-10,Banking stocks may rise tomorrow,347,127
2022-10-04,Great opportunity to buy hydropower stocks,467,101
2023-08-03,Great opportunity to buy hydropower stocks,411,95
2022-10-31,Hydropower stocks trending among investors,277,11
2023-04-05,Market looks bearish today,209,67
2023-10-04,Market volatility creating trading opportunities,371,77
2022-02-05,NEPSE might correct soon,421,11
2022-11-09,Investors confident about long term growth,410,80
2023-04-01,Market volatility creating trading opportunities,46,134
2022-07-30,Banking stocks may rise tomorrow,388,29
2023-04-04,Market volatility creating trading opportunities,445,101
2023-11-30,Market volatility creating trading opportunities,269,105
2023-03-21,Banking stocks may rise tomorrow,218,81
2023-03-31,Banking stocks may rise tomorrow,196,78
2023-01-30,NEPSE might correct soon,7,118
2022-03-24,NEPSE might correct soon,189,84
2022-05-10,Investors confident about long term growth,176,89
2023-07-08,Banking sector showing strong momentum,476,32
2023-05-05,Banking stocks may rise tomorrow,167,115
2023-11-15,Banking sector showing strong momentum,253,121
2023-03-12,Market volatility creating trading opportunities,347,69
2022-11-16,Great opportunity to buy hydropower stocks,412,65
2022-12-05,Great opportunity to buy hydropower stocks,143,139
2022-07-19,Great opportunity to buy hydropower stocks,225,106
2023-01-19,Market volatility creating trading opportunities,168,85
2022-03-11,Market looks bearish today,238,105
2023-07-23,Market volatility creating trading opportunities,7,81
2022-12-22,Market looks bearish today,147,1
2023-11-17,Hydropower stocks trending among investors,288,70
2023-09-02,Hydropower stocks trending among investors,314,97
2023-04-27,Banking sector showing strong momentum,487,56
2023-06-26,Banking stocks may rise tomorrow,458,109
2022-03-09,Banking sector showing strong momentum,30,129
2023-07-24,Investors confident about long term growth,69,61
2022-11-28,NEPSE might correct soon,191,143
2022-07-25,Great opportunity to buy hydropower stocks,379,60
2023-06-17,Hydropower stocks trending among investors,488,148
2022-05-27,Market looks bearish today,41,26
2022-09-20,Banking sector showing strong momentum,165,28
2023-01-26,Great opportunity to buy hydropower stocks,224,14
2022-07-03,Great opportunity to buy hydropower stocks,283,93
2022-05-31,Hydropower stocks trending among investors,145,29
2023-07-03,Market volatility creating trading opportunities,13,114
2022-05-10,Hydropower stocks trending among investors,104,147
2022-12-18,Banking stocks may rise tomorrow,400,58
2022-12-15,Investors confident about long term growth,5,26
2022-01-01,Great opportunity to buy hydropower stocks,159,15
2023-01-28,Great opportunity to buy hydropower stocks,248,38
2023-10-18,Banking stocks may rise tomorrow,401,8
2022-02-17,Great opportunity to buy hydropower stocks,325,114
2022-03-05,Market volatility creating trading opportunities,164,129
2022-01-01,Hydropower stocks trending among investors,199,46
2023-04-09,Market volatility creating trading opportunities,260,100
2022-02-06,Market looks bearish today,362,97
2023-05-13,Market looks bearish today,405,99
2023-06-09,Banking stocks may rise tomorrow,105,113
2022-12-16,Banking sector showing strong momentum,302,7
2022-08-09,Banking stocks may rise tomorrow,246,64
2023-05-11,Great opportunity to buy hydropower stocks,307,88
2022-10-12,Market looks bearish today,397,126
2023-11-02,Hydropower stocks trending among investors,403,92
2023-10-27,Great opportunity to buy hydropower stocks,483,144
2022-11-21,Banking stocks may rise tomorrow,158,123
2023-06-10,Investors confident about long term growth,175,34
2023-04-18,Banking stocks may rise tomorrow,323,103
2023-04-23,Hydropower stocks trending among investors,498,71
2023-04-03,Investors confident about long term growth,358,141
2022-08-10,Banking stocks may rise tomorrow,187,85
2022-03-18,Hydropower stocks trending among investors,186,95
2022-11-26,Investors confident about long term growth,213,120
2023-02-26,Banking stocks may rise tomorrow,373,125
2022-12-19,Market volatility creating trading opportunities,345,113
2023-05-08,NEPSE might correct soon,235,109
2023-03-27,Banking stocks may rise tomorrow,27,2
2022-03-24,Banking stocks may rise tomorrow,65,78
2023-02-25,NEPSE might correct soon,73,17
2022-01-16,Hydropower stocks trending among investors,124,76
2023-04-11,Great opportunity to buy hydropower stocks,394,20
2023-01-13,Banking stocks may rise tomorrow,284,118
2022-01-27,Hydropower stocks trending among investors,471,118
2022-04-07,Banking sector showing strong momentum,297,64
2022-09-24,Great opportunity to buy hydropower stocks,451,78
2022-02-09,NEPSE might correct soon,267,143
2023-05-14,Investors confident about long term growth,85,44
2022-04-13,Hydropower stocks trending among investors,35,60
2023-06-20,Banking sector showing strong momentum,402,150
2023-08-06,Market looks bearish today,499,79
2023-08-02,Hydropower stocks trending among investors,417,116
2023-08-07,Market volatility creating trading opportunities,243,128
2022-01-16,Banking stocks may rise tomorrow,7,71
2022-04-09,Hydropower stocks trending among investors,445,58
2023-11-30,Hydropower stocks trending among investors,78,50
2023-03-01,NEPSE might correct soon,162,81
2023-10-30,NEPSE might correct soon,482,124
2022-05-06,Banking sector showing strong momentum,93,109
2022-07-02,Hydropower stocks trending among investors,149,78
2022-03-07,Hydropower stocks trending among investors,381,91
2023-11-13,Banking sector showing strong momentum,145,112
2022-08-09,Hydropower stocks trending among investors,441,58
2022-08-06,Market looks bearish today,454,139
2023-04-25,Market volatility creating trading opportunities,254,79
2023-04-22,Market volatility creating trading opportunities,403,61
2023-03-22,Hydropower stocks trending among investors,198,105
2023-11-24,Banking sector showing strong momentum,434,86
2022-02-25,NEPSE might correct soon,190,92
2023-07-14,Great opportunity to buy hydropower stocks,247,131
2022-08-16,Banking stocks may rise tomorrow,242,62
2022-04-10,NEPSE might correct soon,25,147
2023-01-16,Banking sector showing strong momentum,475,135
2023-04-09,Great opportunity to buy hydropower stocks,386,28
2022-11-16,Market volatility creating trading opportunities,263,69
2023-07-08,Banking stocks may rise tomorrow,254,54
2023-10-17,NEPSE might correct soon,124,49
2022-09-01,Investors confident about long term growth,239,30
2022-02-13,Market looks bearish today,280,18
2022-07-18,Investors confident about long term growth,101,53
2023-06-13,Market looks bearish today,221,16
2022-08-17,NEPSE might correct soon,454,48
2023-06-11,NEPSE might correct soon,468,4
2023-02-05,Hydropower stocks trending among investors,394,103
2022-07-28,Hydropower stocks trending among investors,140,149
2022-09-20,Great opportunity to buy hydropower stocks,244,83
2022-07-28,Banking stocks may rise tomorrow,32,9
2022-03-12,Hydropower stocks trending among investors,480,106
2022-12-08,Banking sector showing strong momentum,444,2
2022-12-26,Market looks bearish today,441,51
2023-04-09,Market volatility creating trading opportunities,422,36
2022-05-11,Banking sector showing strong momentum,205,109
2022-06-22,Market looks bearish today,131,100
2023-11-07,Hydropower stocks trending among investors,389,80
2023-03-22,NEPSE might correct soon,398,28
2022-07-18,Hydropower stocks trending among investors,163,74
2022-08-18,Hydropower stocks trending among investors,436,36
2023-10-17,Banking stocks may rise tomorrow,247,57
2022-03-28,Market looks bearish today,359,28
2023-08-19,Banking stocks may rise tomorrow,405,9
2023-03-28,Market volatility creating trading opportunities,277,123
2023-10-12,Market volatility creating trading opportunities,285,57
2022-04-23,Market looks bearish today,465,54
2022-03-21,Market looks bearish today,455,17
2022-04-19,Market volatility creating trading opportunities,75,92
2023-04-14,Banking stocks may rise tomorrow,163,148
2022-07-28,Market volatility creating trading opportunities,96,72
2022-04-12,Hydropower stocks trending among investors,81,131
2023-08-15,Great opportunity to buy hydropower stocks,34,61
2022-08-19,Banking sector showing strong momentum,424,36
2023-05-22,Great opportunity to buy hydropower stocks,81,37
2023-11-18,Market looks bearish today,382,39
2022-10-07,Banking sector showing strong momentum,162,79
2023-05-15,Banking stocks may rise tomorrow,134,57
2022-06-22,NEPSE might correct soon,271,105
2023-02-24,Banking sector showing strong momentum,324,5
2023-04-10,Market looks bearish today,107,146
2022-04-21,NEPSE might correct soon,255,58
2022-05-06,Banking sector showing strong momentum,209,55
2023-11-10,Market volatility creating trading opportunities,326,75
2022-07-03,Banking sector showing strong momentum,487,77
2022-10-19,Great opportunity to buy hydropower stocks,119,77
2022-01-12,Market volatility creating trading opportunities,107,103
2023-01-26,Banking stocks may rise tomorrow,147,10
2022-08-20,NEPSE might correct soon,392,146
2022-03-31,Hydropower stocks trending among investors,190,14
2022-10-28,Investors confident about long term growth,340,110
2023-10-18,NEPSE might correct soon,80,9
2022-10-30,Banking sector showing strong momentum,181,139
2023-11-19,Banking sector showing strong momentum,441,2
2023-02-03,Great opportunity to buy hydropower stocks,277,127
2023-02-04,Market looks bearish today,160,39
2023-02-10,NEPSE might correct soon,249,17
2023-02-25,Hydropower stocks trending among investors,233,99
2022-03-30,Investors confident about long term growth,245,127
2022-09-06,Market volatility creating trading opportunities,495,104
2022-04-03,Banking stocks may rise tomorrow,491,66
2023-01-19,Banking sector showing strong momentum,111,73
2022-10-26,Investors confident about long term growth,66,45
2023-06-30,Market looks bearish today,242,62
2022-05-29,Market looks bearish today,404,10
2022-03-18,Market looks bearish today,186,58
2022-04-05,NEPSE might correct soon,394,121
2022-08-16,Banking stocks may rise tomorrow,275,30
2022-09-19,Hydropower stocks trending among investors,214,41
2022-02-19,Investors confident about long term growth,168,73
2023-11-30,Great opportunity to buy hydropower stocks,493,21
2023-10-14,Great opportunity to buy hydropower stocks,10,3
2023-11-12,Banking sector showing strong momentum,107,88
2022-09-14,Great opportunity to buy hydropower stocks,137,126
2023-04-27,NEPSE might correct soon,322,68
2022-01-04,Market looks bearish today,310,121
2022-02-07,Market volatility creating trading opportunities,201,26
2022-12-30,Banking stocks may rise tomorrow,130,103
2022-03-03,Market volatility creating trading opportunities,345,45
2023-03-30,Hydropower stocks trending among investors,291,13
2022-05-20,Market looks bearish today,336,6
2023-06-13,Hydropower stocks trending among investors,327,123
2023-01-01,NEPSE might correct soon,355,149
2022-03-08,Banking sector showing strong momentum,60,55
2022-06-28,Hydropower stocks trending among investors,272,8
2022-06-08,Hydropower stocks trending among investors,330,29
2023-06-16,Market looks bearish today,434,84
2022-09-30,NEPSE might correct soon,256,17
2023-02-25,NEPSE might correct soon,172,52
2022-08-21,Investors confident about long term growth,156,66
2023-04-14,Market volatility creating trading opportunities,92,4
2023-04-27,Banking sector showing strong momentum,390,49
2023-09-28,NEPSE might correct soon,28,77
2023-03-03,Market volatility creating trading opportunities,388,22
2022-12-22,Hydropower stocks trending among investors,378,126
2023-05-31,Banking sector showing strong momentum,110,11
2022-05-03,Banking sector showing strong momentum,364,99
2022-03-19,Banking sector showing strong momentum,464,73
2023-05-24,Banking sector showing strong momentum,140,35
2023-10-02,Banking sector showing strong momentum,163,86
2022-05-31,Investors confident about long term growth,474,14
2022-08-27,NEPSE might correct soon,422,100
2023-03-13,Investors confident about long term growth,9,61
2023-06-24,Market looks bearish today,219,104
2022-04-01,Investors confident about long term growth,316,96
2022-10-24,NEPSE might correct soon,128,98
2022-06-01,NEPSE might correct soon,374,71
2022-07-29,Investors confident about long term growth,80,46
2023-04-11,NEPSE might correct soon,162,77
2023-10-14,Market looks bearish today,272,146
2023-06-06,Market volatility creating trading opportunities,259,31
2022-02-28,Investors confident about long term growth,345,61
2023-10-10,Hydropower stocks trending among investors,338,97
2022-10-04,Banking sector showing strong momentum,258,12
2022-02-13,Great opportunity to buy hydropower stocks,267,21
2023-10-07,Great opportunity to buy hydropower stocks,296,139
2023-10-10,Hydropower stocks trending among investors,324,132
2022-01-22,Investors confident about long term growth,155,81
2023-08-01,Market volatility creating trading opportunities,225,56
2023-06-16,Investors confident about long term growth,209,24
2023-02-07,NEPSE might correct soon,32,49
2023-05-21,Market volatility creating trading opportunities,62,89
2023-08-18,Market volatility creating trading opportunities,350,79
2022-10-29,Hydropower stocks trending among investors,416,106
2022-03-04,Investors confident about long term growth,312,11
2022-09-10,Hydropower stocks trending among investors,10,64
2022-12-20,NEPSE might correct soon,452,57
2023-08-27,Market looks bearish today,177,2
2023-05-21,Banking stocks may rise tomorrow,372,5
2022-09-29,Market looks bearish today,67,112
2023-09-22,Market looks bearish today,455,82
2023-01-06,Market volatility creating trading opportunities,9,50
2022-12-29,NEPSE might correct soon,304,16
2023-10-23,Hydropower stocks trending among investors,104,99
2023-01-30,Hydropower stocks trending among investors,412,80
2023-08-09,Market volatility creating trading opportunities,375,111
2023-09-25,Market volatility creating trading opportunities,383,104
2022-03-20,Banking sector showing strong momentum,362,116
2023-06-13,Investors confident about long term growth,424,132
2022-04-19,Market volatility creating trading opportunities,470,69
2023-05-23,Investors confident about long term growth,11,3
2022-08-19,Banking sector showing strong momentum,405,68
2023-08-07,Hydropower stocks trending among investors,295,48
2022-07-15,Great opportunity to buy hydropower stocks,59,88
2023-08-15,Banking stocks may rise tomorrow,319,87
2022-08-27,NEPSE might correct soon,72,107
2022-09-08,Market volatility creating trading opportunities,396,49
2023-06-22,Banking stocks may rise tomorrow,170,146
2023-08-10,Investors confident about long term growth,352,146
2022-05-19,Banking sector showing strong momentum,135,57
2022-05-28,Hydropower stocks trending among investors,259,126
2023-04-05,Market looks bearish today,468,20
2022-11-21,Great opportunity to buy hydropower stocks,19,25
2023-01-22,Market looks bearish today,56,112
2023-07-27,Banking stocks may rise tomorrow,318,59
2023-11-20,Market looks bearish today,442,122
2023-11-04,Market looks bearish today,299,92
2023-09-01,Banking sector showing strong momentum,287,132
2023-05-12,Great opportunity to buy hydropower stocks,59,88
2023-09-08,Great opportunity to buy hydropower stocks,460,121
2022-03-06,Market volatility creating trading opportunities,299,72
2023-03-31,Market looks bearish today,105,91
2022-05-30,Investors confident about long term growth,82,137
2023-10-05,Banking sector showing strong momentum,381,48
2022-03-27,Banking sector showing strong momentum,240,88
2023-08-14,Banking stocks may rise tomorrow,134,80
2022-01-06,Banking stocks may rise tomorrow,393,23
2023-11-02,Great opportunity to buy hydropower stocks,438,54
2022-05-24,Market volatility creating trading opportunities,334,76
2022-07-31,Market volatility creating trading opportunities,388,77
2023-04-27,Great opportunity to buy hydropower stocks,367,132
2022-01-17,Hydropower stocks trending among investors,487,73
2023-06-27,Market volatility creating trading opportunities,23,132
2023-04-26,Market volatility creating trading opportunities,429,135
2022-05-27,Banking stocks may rise tomorrow,259,81
2022-10-14,Banking stocks may rise tomorrow,31,21
2023-07-08,Banking sector showing strong momentum,281,52
2023-11-23,Investors confident about long term growth,232,23
2023-02-21,Investors confident about long term growth,267,63
2022-01-13,Banking stocks may rise tomorrow,189,15
2022-02-09,Market looks bearish today,24,45
2023-02-28,Banking sector showing strong momentum,348,45
2022-09-27,Great opportunity to buy hydropower stocks,95,70
2022-07-17,NEPSE might correct soon,372,99
2023-02-14,Banking stocks may rise tomorrow,402,98
2022-07-31,Market volatility creating trading opportunities,90,23
2022-12-12,Hydropower stocks trending among investors,216,88
2023-01-16,Great opportunity to buy hydropower stocks,448,123
2023-08-14,Great opportunity to buy hydropower stocks,43,127
2022-10-06,Hydropower stocks trending among investors,446,131
2023-02-11,Investors confident about long term growth,377,144
2022-05-11,Banking stocks may rise tomorrow,322,140
2022-03-13,Investors confident about long term growth,380,106
2022-11-18,Investors confident about long term growth,286,137
2023-08-31,Hydropower stocks trending among investors,160,76
2022-05-06,NEPSE might correct soon,431,106
2022-03-04,Banking sector showing strong momentum,320,94
2022-01-05,Market volatility creating trading opportunities,445,100
2023-06-24,Market looks bearish today,115,101
2023-05-19,NEPSE might correct soon,53,89
2022-12-09,Hydropower stocks trending among investors,168,62
2023-09-17,Banking stocks may rise tomorrow,34,32
2022-04-23,Market looks bearish today,449,5
2022-09-25,Hydropower stocks trending among investors,266,56
2022-08-27,NEPSE might correct soon,105,20
2022-08-16,Great opportunity to buy hydropower stocks,408,93
2023-03-19,Investors confident about long term growth,364,21
2023-10-19,Market volatility creating trading opportunities,365,150
2022-12-11,Market volatility creating trading opportunities,186,125
2023-03-05,Great opportunity to buy hydropower stocks,173,97
2022-04-21,Banking stocks may rise tomorrow,373,105
2023-09-23,Market volatility creating trading opportunities,157,53
2022-10-05,Banking stocks may rise tomorrow,435,99
2022-02-17,Hydropower stocks trending among investors,203,26
2022-10-05,Banking sector showing strong momentum,413,135
2023-03-18,Banking stocks may rise tomorrow,82,32
2022-08-15,Market looks bearish today,388,91
2022-10-17,NEPSE might correct soon,364,62
2022-08-25,Market looks bearish today,207,37
2023-04-06,Banking sector showing strong momentum,351,44
2023-05-25,Banking stocks may rise tomorrow,276,123
2023-04-24,Market volatility creating trading opportunities,194,66
2022-03-12,Market volatility creating trading opportunities,56,55
2023-09-28,Banking sector showing strong momentum,416,9
2022-03-23,Hydropower stocks trending among investors,127,49
2022-01-04,Hydropower stocks trending among investors,221,92
2022-09-02,Market looks bearish today,175,31
2023-04-05,Investors confident about long term growth,70,3
2023-07-29,NEPSE might correct soon,241,4
2022-12-27,NEPSE might correct soon,103,85
2023-04-20,Market looks bearish today,24,25
2022-11-12,Market looks bearish today,155,21
2022-10-06,Investors confident about long term growth,486,99
2023-11-03,Banking stocks may rise tomorrow,446,127
2023-08-13,Hydropower stocks trending among investors,207,99
2022-06-16,NEPSE might correct soon,300,55
2023-01-12,Great opportunity to buy hydropower stocks,220,139
2023-09-14,NEPSE might correct soon,200,142
2022-12-21,Banking stocks may rise tomorrow,332,105
2022-10-07,Great opportunity to buy hydropower stocks,144,32
2023-11-28,Hydropower stocks trending among investors,161,73
2022-11-22,NEPSE might correct soon,312,98
2022-09-21,Great opportunity to buy hydropower stocks,122,20
2022-10-07,Investors confident about long term growth,21,54
2023-01-02,Banking sector showing strong momentum,399,113
2022-02-26,Investors confident about long term growth,221,14
2023-06-20,NEPSE might correct soon,457,40
2023-02-15,Hydropower stocks trending among investors,173,1
2022-04-03,Investors confident about long term growth,31,139
2022-08-15,Market volatility creating trading opportunities,341,132
2023-08-20,Great opportunity to buy hydropower stocks,7,149
2022-08-27,Hydropower stocks trending among investors,476,141
2023-06-11,Investors confident about long term growth,229,9
2023-08-01,Market looks bearish today,291,109
2022-11-17,Market volatility creating trading opportunities,131,88
2023-05-02,Hydropower stocks trending among investors,184,52
2023-11-10,Banking sector showing strong momentum,343,120
2023-07-29,Great opportunity to buy hydropower stocks,199,16
2023-08-21,NEPSE might correct soon,268,1
2022-05-13,Hydropower stocks trending among investors,461,134
2022-06-09,NEPSE might correct soon,123,35
2022-10-31,Hydropower stocks trending among investors,213,38
2022-07-16,Great opportunity to buy hydropower stocks,88,44
2022-12-17,NEPSE might correct soon,341,147
2023-04-22,Great opportunity to buy hydropower stocks,207,75
2023-09-13,Hydropower stocks trending among investors,107,76
2023-04-23,Hydropower stocks trending among investors,193,16
2023-09-27,Banking stocks may rise tomorrow,159,16
2022-10-19,Banking stocks may rise tomorrow,318,71
2023-04-29,Hydropower stocks trending among investors,57,6
2023-02-24,NEPSE might correct soon,268,116
2022-11-22,Great opportunity to buy hydropower stocks,178,69
2022-07-06,Banking stocks may rise tomorrow,441,105
2023-05-29,Great opportunity to buy hydropower stocks,440,116
2022-10-06,Banking stocks may rise tomorrow,373,59
2023-05-16,Banking sector showing strong momentum,320,10
2022-12-13,NEPSE might correct soon,35,81
2023-11-05,Banking stocks may rise tomorrow,133,117
2023-10-25,Hydropower stocks trending among investors,310,145
2022-08-12,Market volatility creating trading opportunities,261,148
2022-01-14,Banking sector showing strong momentum,387,130
2022-11-06,Banking stocks may rise tomorrow,451,2
2022-12-30,Market volatility creating trading opportunities,172,84
2023-05-30,Hydropower stocks trending among investors,289,71
2023-07-17,Banking stocks may rise tomorrow,293,94
2022-02-01,Market volatility creating trading opportunities,217,84
2023-10-22,Great opportunity to buy hydropower stocks,370,84
2023-10-12,Hydropower stocks trending among investors,423,133
2023-02-24,Hydropower stocks trending among investors,46,15
2023-01-19,Great opportunity to buy hydropower stocks,429,145
2022-07-15,Hydropower stocks trending among investors,216,139
2022-10-19,NEPSE might correct soon,393,57
2022-07-12,NEPSE might correct soon,215,124
2022-04-30,Great opportunity to buy hydropower stocks,251,143
2023-03-23,NEPSE might correct soon,11,35
2023-04-12,Banking sector showing strong momentum,480,95
2022-06-13,Market volatility creating trading opportunities,24,1
2023-01-09,Investors confident about long term growth,39,128
2022-02-07,Great opportunity to buy hydropower stocks,272,26
2023-08-10,Market looks bearish today,484,10
2022-08-06,Hydropower stocks trending among investors,487,32
2022-02-20,Hydropower stocks trending among investors,389,9
2023-11-29,Banking stocks may rise tomorrow,21,99
2022-03-20,Banking sector showing strong momentum,185,127
2023-08-21,Banking sector showing strong momentum,433,48
2022-04-21,Market volatility creating trading opportunities,327,97
2023-01-15,Market volatility creating trading opportunities,201,91
2023-10-16,Banking stocks may rise tomorrow,258,7
2023-09-13,Market looks bearish today,97,141
2022-08-23,Market looks bearish today,366,23
2022-10-12,Market volatility creating trading opportunities,278,124
2023-10-21,Market looks bearish today,289,20
2022-05-12,Market looks bearish today,489,17
2022-03-29,Great opportunity to buy hydropower stocks,500,17
2023-05-01,NEPSE might correct soon,299,67
2023-01-04,Banking stocks may rise tomorrow,114,127
2023-04-10,Great opportunity to buy hydropower stocks,497,107
2022-07-17,NEPSE might correct soon,291,63
2023-06-28,Banking stocks may rise tomorrow,210,56
2022-06-03,Market looks bearish today,350,54
2023-08-23,Great opportunity to buy hydropower stocks,445,96
2022-11-27,NEPSE might correct soon,80,134
2022-05-01,Market looks bearish today,367,32
2023-07-15,Market volatility creating trading opportunities,397,48
2022-05-18,Investors confident about long term growth,184,126
2023-07-01,Investors confident about long term growth,34,46
2023-09-02,NEPSE might correct soon,145,6
2023-08-06,Great opportunity to buy hydropower stocks,185,103
2022-01-14,NEPSE might correct soon,49,3
2022-04-13,Hydropower stocks trending among investors,257,2
2023-10-22,Banking stocks may rise tomorrow,232,31
2022-07-12,Banking stocks may rise tomorrow,173,69
2023-03-01,Market volatility creating trading opportunities,467,1
2022-04-26,Market volatility creating trading opportunities,407,146
2022-12-24,Market volatility creating trading opportunities,134,112
2022-03-18,Market volatility creating trading opportunities,217,109
2023-01-07,NEPSE might correct soon,152,35
2023-05-25,Great opportunity to buy hydropower stocks,246,134
2022-04-29,Market volatility creating trading opportunities,201,107
2022-08-26,Market looks bearish today,122,45
2023-01-24,Hydropower stocks trending among investors,66,29
2022-07-22,Investors confident about long term growth,469,59
2022-05-03,NEPSE might correct soon,412,81
2023-02-14,Banking sector showing strong momentum,69,46
2022-03-15,Banking stocks may rise tomorrow,207,95
2023-07-31,Hydropower stocks trending among investors,79,129
2022-04-21,Banking stocks may rise tomorrow,10,103
2022-04-04,Market volatility creating trading opportunities,107,63
2022-12-02,Banking sector showing strong momentum,375,105
2023-03-07,Great opportunity to buy hydropower stocks,495,146
2023-01-25,Market looks bearish today,108,51
2023-08-26,NEPSE might correct soon,427,87
2023-04-21,Great opportunity to buy hydropower stocks,123,16
2023-11-17,Banking stocks may rise tomorrow,329,27
2022-05-16,Banking stocks may rise tomorrow,248,77
2022-07-22,NEPSE might correct soon,387,120
2023-02-17,Banking stocks may rise tomorrow,156,92
2023-11-20,Hydropower stocks trending among investors,100,61
2023-05-06,Banking sector showing strong momentum,232,122
2023-08-19,Investors confident about long term growth,164,24
2023-09-27,NEPSE might correct soon,106,102
2023-10-15,NEPSE might correct soon,74,57
2022-01-31,Market looks bearish today,10,45
2022-12-23,NEPSE might correct soon,171,71
2022-05-02,NEPSE might correct soon,222,86
2022-12-17,Market volatility creating trading opportunities,352,60
2022-02-04,Market looks bearish today,397,121
2022-09-24,Banking stocks may rise tomorrow,151,150
2022-04-21,Hydropower stocks trending among investors,198,71
2022-11-24,Banking stocks may rise tomorrow,201,33
2023-07-06,Market volatility creating trading opportunities,88,59
2022-10-15,NEPSE might correct soon,298,136
2022-05-08,Banking sector showing strong momentum,278,4
2022-02-03,Banking sector showing strong momentum,253,98
2023-04-21,NEPSE might correct soon,190,61
2023-01-12,NEPSE might correct soon,442,148
2023-02-03,Banking sector showing strong momentum,371,66
2023-05-15,Market volatility creating trading opportunities,447,2
2022-05-06,NEPSE might correct soon,179,57
2022-03-06,Banking sector showing strong momentum,414,7
2023-01-21,Hydropower stocks trending among investors,253,63
2023-03-21,Hydropower stocks trending among investors,287,148
2023-05-18,Banking stocks may rise tomorrow,163,20
2023-11-08,Market volatility creating trading opportunities,338,115
2023-06-26,NEPSE might correct soon,134,132
2022-10-09,NEPSE might correct soon,497,24
2023-06-17,Hydropower stocks trending among investors,354,102
2023-08-06,Investors confident about long term growth,418,23
2023-02-13,Market looks bearish today,331,118
2023-03-15,Hydropower stocks trending among investors,191,126
2023-05-27,Market volatility creating trading opportunities,67,140
2023-04-21,Banking stocks may rise tomorrow,155,62
2023-11-14,Banking stocks may rise tomorrow,313,60
2022-08-26,Hydropower stocks trending among investors,389,88
2023-10-15,Great opportunity to buy hydropower stocks,278,111
2023-11-09,Banking sector showing strong momentum,151,65
2023-04-11,Banking stocks may rise tomorrow,154,141
2022-08-13,NEPSE might correct soon,311,23
2022-02-11,Market looks bearish today,170,42
2023-05-21,Market volatility creating trading opportunities,142,128
2023-02-28,Great opportunity to buy hydropower stocks,477,68
2023-05-09,Banking stocks may rise tomorrow,345,121
2022-03-23,Market looks bearish today,199,148
2023-03-07,NEPSE might correct soon,214,141
2022-05-17,Market looks bearish today,133,73
2023-04-16,Market looks bearish today,473,116
2023-04-15,Banking sector showing strong momentum,326,84
2023-07-12,NEPSE might correct soon,228,57
2023-01-16,Banking sector showing strong momentum,246,109
2022-01-27,Banking stocks may rise tomorrow,332,132
2023-01-31,Banking sector showing strong momentum,269,118
2023-08-25,Banking sector showing strong momentum,21,71
2022-12-22,Market looks bearish today,302,49
2022-12-07,Market looks bearish today,90,94
2023-07-14,Market volatility creating trading opportunities,43,45
2022-04-26,Banking sector showing strong momentum,146,106
2023-11-10,Investors confident about long term growth,163,28
2022-05-22,Hydropower stocks trending among investors,258,12
2022-07-25,Investors confident about long term growth,120,103
2023-04-26,Great opportunity to buy hydropower stocks,127,89
2023-09-06,Banking sector showing strong momentum,265,124
2022-03-29,Great opportunity to buy hydropower stocks,159,28
2022-05-06,Hydropower stocks trending among investors,207,126
2022-11-10,Market volatility creating trading opportunities,449,128
2023-04-08,NEPSE might correct soon,150,123
2023-08-31,Hydropower stocks trending among investors,292,13
2022-03-27,Banking sector showing strong momentum,406,122
2023-06-23,Hydropower stocks trending among investors,35,78
2022-06-13,Banking sector showing strong momentum,302,28
2022-04-15,Investors confident about long term growth,305,44
2022-12-09,Banking stocks may rise tomorrow,312,130
2022-08-10,NEPSE might correct soon,73,8
2023-01-10,Investors confident about long term growth,433,51
2022-02-21,Market looks bearish today,239,109
2022-10-23,Banking stocks may rise tomorrow,36,112
2022-06-14,Market looks bearish today,51,113
2023-01-09,Banking sector showing strong momentum,470,19
2023-06-07,Market volatility creating trading opportunities,16,45
2022-01-25,Banking stocks may rise tomorrow,24,144
2022-07-24,Banking stocks may rise tomorrow,182,70
2022-02-09,Market volatility creating trading opportunities,483,34
2023-07-25,Market looks bearish today,472,131
2022-03-31,Market volatility creating trading opportunities,189,52
2023-09-08,Banking stocks may rise tomorrow,393,146
2023-09-08,Banking stocks may rise tomorrow,312,90
2022-03-27,Great opportunity to buy hydropower stocks,60,105
2023-03-15,Market volatility creating trading opportunities,364,130
2023-08-25,Banking stocks may rise tomorrow,378,80
2022-10-14,Investors confident about long term growth,143,5
2022-12-13,NEPSE might correct soon,78,149
2023-02-28,NEPSE might correct soon,402,135
2023-07-19,Banking stocks may rise tomorrow,149,72
2023-04-03,Hydropower stocks trending among investors,488,87
2022-02-11,Market volatility creating trading opportunities,237,68
2023-07-15,NEPSE might correct soon,402,79
2022-04-11,Market looks bearish today,241,73
2023-08-08,NEPSE might correct soon,311,89
2023-06-29,Investors confident about long term growth,164,20
2022-06-08,Great opportunity to buy hydropower stocks,105,140
2022-12-12,Hydropower stocks trending among investors,86,142
2023-03-23,NEPSE might correct soon,238,103
2022-06-24,Hydropower stocks trending among investors,308,94
2023-01-03,Market looks bearish today,255,8
2023-01-26,Market looks bearish today,305,137
2022-09-09,Investors confident about long term growth,286,95
2022-10-11,Great opportunity to buy hydropower stocks,143,24
2022-08-18,Great opportunity to buy hydropower stocks,30,143
2023-06-19,Hydropower stocks trending among investors,232,74
2022-09-16,Investors confident about long term growth,257,80
2022-08-26,Banking sector showing strong momentum,171,78
2022-10-15,Great opportunity to buy hydropower stocks,145,64
2022-05-10,Investors confident about long term growth,441,129
2023-02-18,Banking sector showing strong momentum,418,30
2023-02-04,Banking sector showing strong momentum,237,35
2023-08-15,Investors confident about long term growth,465,20
2022-09-13,Hydropower stocks trending among investors,418,34
2022-08-03,NEPSE might correct soon,247,10
2022-05-15,Banking sector showing strong momentum,35,113
2022-01-28,Banking sector showing strong momentum,38,27
2022-11-26,Market volatility creating trading opportunities,437,48
2023-02-05,Banking stocks may rise tomorrow,380,21
2022-12-31,Market looks bearish today,423,144
2023-02-07,Hydropower stocks trending among investors,208,105
2022-11-15,Hydropower stocks trending among investors,177,73
2023-05-03,Banking stocks may rise tomorrow,182,30
2023-03-05,Banking stocks may rise tomorrow,135,27
2023-02-24,Market looks bearish today,82,136
2022-03-18,NEPSE might correct soon,187,86
2023-05-20,Market volatility creating trading opportunities,51,123
2023-02-11,NEPSE might correct soon,227,147
2022-12-08,Market looks bearish today,324,66
2023-08-23,Market looks bearish today,293,37
2022-01-03,Banking sector showing strong momentum,343,87
2022-02-07,NEPSE might correct soon,256,142
2022-06-18,Hydropower stocks trending among investors,344,49
2023-10-04,Investors confident about long term growth,157,135
2022-10-18,Banking sector showing strong momentum,191,108
2023-03-25,NEPSE might correct soon,439,141
2022-08-04,Banking sector showing strong momentum,412,23
2022-11-11,Investors confident about long term growth,151,81
2022-09-27,Banking stocks may rise tomorrow,102,27
2023-11-26,Market looks bearish today,374,48
2023-10-30,Investors confident about long term growth,278,83
2022-09-26,Banking sector showing strong momentum,177,24
2023-03-26,Market looks bearish today,221,124
2023-01-20,Great opportunity to buy hydropower stocks,128,60
2023-03-19,Great opportunity to buy hydropower stocks,259,28
2022-12-27,Market volatility creating trading opportunities,58,122
2022-07-08,Banking sector showing strong momentum,56,133
2023-07-06,Banking sector showing strong momentum,64,84
2023-10-19,Market looks bearish today,153,83
2022-04-02,Hydropower stocks trending among investors,303,122
2022-10-05,NEPSE might correct soon,257,106
2023-08-08,Hydropower stocks trending among investors,391,68
2023-11-29,Investors confident about long term growth,225,105
2022-01-02,NEPSE might correct soon,436,46
2022-05-24,Hydropower stocks trending among investors,180,7
2022-09-04,Banking stocks may rise tomorrow,48,70
2022-12-16,Market volatility creating trading opportunities,92,42
2023-05-24,Investors confident about long term growth,124,26
2022-03-08,Market looks bearish today,301,33
2023-04-08,Banking sector showing strong momentum,7,14
2022-08-05,Great opportunity to buy hydropower stocks,148,20
2022-02-16,Banking stocks may rise tomorrow,397,138
2023-03-09,Market volatility creating trading opportunities,272,31
2023-04-04,Investors confident about long term growth,212,104
2022-03-02,Hydropower stocks trending among investors,475,20
2022-07-05,Banking stocks may rise tomorrow,157,43
2023-01-17,Market looks bearish today,251,128
2022-06-01,Hydropower stocks trending among investors,245,18
2022-04-02,NEPSE might correct soon,378,4
2022-06-14,Investors confident about long term growth,60,147
2022-01-31,Hydropower stocks trending among investors,67,145
2023-02-24,Investors confident about long term growth,430,115
2023-04-28,Market looks bearish today,466,6
2022-04-13,Investors confident about long term growth,305,10
2022-09-28,Great opportunity to buy hydropower stocks,465,93
2022-05-08,NEPSE might correct soon,450,56
2023-03-13,Market looks bearish today,99,39
2022-08-15,Market volatility creating trading opportunities,114,76
2023-03-06,NEPSE might correct soon,484,31
2022-08-12,Banking sector showing strong momentum,173,72
2023-05-02,Market volatility creating trading opportunities,161,6
2023-09-08,Banking stocks may rise tomorrow,294,13
2022-03-10,Market looks bearish today,50,135
2022-08-01,Banking sector showing strong momentum,215,83
2023-03-25,Market volatility creating trading opportunities,499,100
2023-11-03,Investors confident about long term growth,15,111
2023-10-29,Banking stocks may rise tomorrow,270,76
2022-07-27,Banking stocks may rise tomorrow,96,26
2023-09-06,Investors confident about long term growth,186,145
2022-02-17,Investors confident about long term growth,499,60
2022-10-01,Market volatility creating trading opportunities,227,39
2023-05-31,Banking sector showing strong momentum,448,59
2022-05-12,NEPSE might correct soon,28,104
2022-11-08,Investors confident about long term growth,493,132
2023-07-29,Great opportunity to buy hydropower stocks,292,69
2023-01-01,NEPSE might correct soon,225,109
2022-10-18,Hydropower stocks trending among investors,489,78
2023-04-16,Banking sector showing strong momentum,421,134
2022-02-05,Banking stocks may rise tomorrow,376,27
2023-08-11,Great opportunity to buy hydropower stocks,458,107
2022-01-19,Investors confident about long term growth,194,135
2022-10-07,Investors confident about long term growth,49,118
2023-10-07,Market looks bearish today,175,62
2022-06-11,Market volatility creating trading opportunities,255,25
2023-08-13,Investors confident about long term growth,158,138
2022-09-09,Banking stocks may rise tomorrow,155,71
2023-08-06,Banking sector showing strong momentum,223,39
2023-07-03,Market volatility creating trading opportunities,35,23
2022-07-25,Hydropower stocks trending among investors,45,17
2023-03-11,Banking stocks may rise tomorrow,40,111
2023-01-08,Banking sector showing strong momentum,389,93
2022-01-31,Market volatility creating trading opportunities,149,148
2022-07-16,Hydropower stocks trending among investors,74,3
2022-01-01,Banking sector showing strong momentum,311,113
2023-11-08,Market looks bearish today,234,122
2023-03-31,Great opportunity to buy hydropower stocks,170,43
2022-03-15,NEPSE might correct soon,448,74
2023-03-12,Hydropower stocks trending among investors,66,15
2023-04-24,Market looks bearish today,461,130
2022-02-19,Market looks bearish today,14,10
2022-11-16,Banking sector showing strong momentum,203,87
2022-08-01,NEPSE might correct soon,27,121
2022-05-01,Market looks bearish today,324,113
2022-09-19,Banking sector showing strong momentum,293,56
2023-06-15,Great opportunity to buy hydropower stocks,71,14
2023-04-26,Market volatility creating trading opportunities,133,59
2023-10-09,Banking stocks may rise tomorrow,12,104
2023-11-27,Market looks bearish today,257,31
2023-11-14,Hydropower stocks trending among investors,67,129
2022-11-21,Investors confident about long term growth,121,144
2023-04-26,NEPSE might correct soon,436,64
2022-08-17,Banking stocks may rise tomorrow,185,61
2022-07-21,NEPSE might correct soon,338,51
2022-04-27,Hydropower stocks trending among investors,121,65
2023-04-24,Investors confident about long term growth,480,91
2023-08-31,Market volatility creating trading opportunities,268,7
2023-07-04,Hydropower stocks trending among investors,59,76
2023-10-28,Great opportunity to buy hydropower stocks,304,69
2023-09-04,Market looks bearish today,21,10
2023-11-12,Hydropower stocks trending among investors,54,10
2022-08-05,Market volatility creating trading opportunities,461,41
2023-05-20,Hydropower stocks trending among investors,245,43
2022-10-03,NEPSE might correct soon,222,29
2022-12-05,Great opportunity to buy hydropower stocks,178,75
2022-07-27,Market looks bearish today,349,143
2022-11-29,Banking sector showing strong momentum,58,94
2022-04-25,NEPSE might correct soon,112,13
2023-10-27,Banking stocks may rise tomorrow,116,13
2023-07-08,Banking stocks may rise tomorrow,7,62
2022-08-21,Banking sector showing strong momentum,171,4
2022-05-31,Banking stocks may rise tomorrow,78,142
2022-06-03,Hydropower stocks trending among investors,473,7
2022-07-24,Banking sector showing strong momentum,14,41
2023-10-19,Market volatility creating trading opportunities,110,43
2023-11-03,Market looks bearish today,459,60
2023-01-24,Market looks bearish today,393,2
2022-08-13,Great opportunity to buy hydropower stocks,99,71
2023-09-26,Market looks bearish today,366,104
2023-07-29,Market volatility creating trading opportunities,281,138
2023-04-19,Market looks bearish today,22,107
2022-06-25,Hydropower stocks trending among investors,196,15
2023-01-20,Banking stocks may rise tomorrow,99,60
2023-03-19,NEPSE might correct soon,435,24
2022-09-02,Banking stocks may rise tomorrow,152,142
2022-12-23,Investors confident about long term growth,314,59
2023-01-18,Investors confident about long term growth,448,5
2023-01-17,Market volatility creating trading opportunities,103,102
2023-02-20,Great opportunity to buy hydropower stocks,101,42
2023-04-15,NEPSE might correct soon,266,35
2022-10-23,Hydropower stocks trending among investors,236,53
2023-01-05,NEPSE might correct soon,83,12
2023-02-26,Market looks bearish today,25,113
2023-11-28,NEPSE might correct soon,355,145
2022-02-25,Investors confident about long term growth,433,116
2023-10-10,NEPSE might correct soon,420,51
2023-06-06,NEPSE might correct soon,218,125
2023-04-21,NEPSE might correct soon,309,137
2023-01-28,Banking stocks may rise tomorrow,243,91
2022-01-31,Hydropower stocks trending among investors,345,112
2022-03-23,Hydropower stocks trending among investors,416,5
2022-09-28,Banking sector showing strong momentum,364,128
2022-06-20,Banking stocks may rise tomorrow,305,71
2022-04-09,Banking sector showing strong momentum,207,130
2022-08-02,Great opportunity to buy hydropower stocks,166,62
2022-06-28,Banking sector showing strong momentum,62,41
2022-09-09,NEPSE might correct soon,55,121
2022-10-01,Banking sector showing strong momentum,90,149
2022-02-07,Banking sector showing strong momentum,414,97
2022-08-22,Investors confident about long term growth,340,68
2022-05-19,Hydropower stocks trending among investors,42,132
2022-11-22,Banking stocks may rise tomorrow,198,48
2023-04-27,Banking stocks may rise tomorrow,177,50
2022-06-13,Market volatility creating trading opportunities,258,105
2022-05-03,NEPSE might correct soon,354,8
2023-08-28,Market looks bearish today,336,70
2023-09-24,NEPSE might correct soon,19,20
2022-08-23,Investors confident about long term growth,365,110
2023-02-26,Banking stocks may rise tomorrow,147,142
2023-02-13,Hydropower stocks trending among investors,392,123
2022-04-15,Investors confident about long term growth,170,37
2022-12-16,Banking stocks may rise tomorrow,233,9
2023-07-25,Investors confident about long term growth,285,136
2023-09-09,Market looks bearish today,55,14
2022-02-14,Hydropower stocks trending among investors,397,116
2023-02-27,Market looks bearish today,427,34
2022-06-02,Market looks bearish today,176,83
2022-07-19,Market volatility creating trading opportunities,489,24
2022-01-19,Market volatility creating trading opportunities,83,118
2023-03-15,NEPSE might correct soon,12,140
2022-05-24,NEPSE might correct soon,495,30
2023-02-25,Market looks bearish today,376,62
2023-01-10,Market volatility creating trading opportunities,296,125
2023-07-29,Market looks bearish today,99,3
2022-08-19,Great opportunity to buy hydropower stocks,467,148
2023-01-09,Banking stocks may rise tomorrow,62,108
2023-01-19,Great opportunity to buy hydropower stocks,204,116
2022-03-05,Market volatility creating trading opportunities,330,133
2022-07-12,Market volatility creating trading opportunities,349,75
2023-08-21,Investors confident about long term growth,399,5
2023-08-21,Great opportunity to buy hydropower stocks,430,7
2022-09-23,Banking stocks may rise tomorrow,285,75
2023-04-14,Hydropower stocks trending among investors,403,44
2023-02-21,Hydropower stocks trending among investors,445,144
2022-11-23,Banking stocks may rise tomorrow,235,96
2022-11-30,Banking stocks may rise tomorrow,226,2
2022-01-20,Market looks bearish today,64,92
2022-07-17,Great opportunity to buy hydropower stocks,370,68
2022-10-13,Investors confident about long term growth,332,22
2022-07-21,Market looks bearish today,242,95
2022-08-19,Hydropower stocks trending among investors,376,55
2023-07-02,Market volatility creating trading opportunities,338,41
2023-02-15,Hydropower stocks trending among investors,292,76
2023-07-28,Investors confident about long term growth,133,12
2023-06-10,Great opportunity to buy hydropower stocks,481,104
2022-02-26,Investors confident about long term growth,282,16
2023-11-16,Market looks bearish today,249,70
2022-07-13,Market volatility creating trading opportunities,409,83
2022-01-27,NEPSE might correct soon,33,16
2022-09-13,Banking sector showing strong momentum,217,146
2023-09-01,Hydropower stocks trending among investors,314,13
2023-11-27,Great opportunity to buy hydropower stocks,470,48
2022-10-16,Banking sector showing strong momentum,452,21
2023-05-01,Great opportunity to buy hydropower stocks,359,90
2022-07-31,Investors confident about long term growth,26,35
2022-06-21,NEPSE might correct soon,202,47
2022-04-24,Hydropower stocks trending among investors,396,132
2023-04-16,NEPSE might correct soon,371,3
2022-05-05,Investors confident about long term growth,354,117
2023-05-30,Market looks bearish today,201,75
2022-08-22,NEPSE might correct soon,79,144
2023-05-29,Market looks bearish today,188,99
2022-11-12,Banking sector showing strong momentum,138,112
2023-02-10,Banking sector showing strong momentum,69,74
2023-11-03,NEPSE might correct soon,308,140
2022-04-19,Investors confident about long term growth,401,1
2022-05-26,Market looks bearish today,103,89
2023-03-30,Hydropower stocks trending among investors,270,58
2022-11-17,Banking stocks may rise tomorrow,429,115
2023-08-30,NEPSE might correct soon,279,90
2022-01-16,Banking sector showing strong momentum,120,106
2022-04-29,NEPSE might correct soon,319,102
2022-11-27,Banking stocks may rise tomorrow,95,85
2022-06-20,NEPSE might correct soon,219,38
2023-05-04,Investors confident about long term growth,446,54
2023-09-27,Great opportunity to buy hydropower stocks,203,97
2022-09-05,Market volatility creating trading opportunities,341,51
2023-05-25,Market looks bearish today,252,27
2022-09-23,Hydropower stocks trending among investors,437,8
2023-04-21,Market looks bearish today,465,69
2022-03-09,NEPSE might correct soon,183,54
2023-10-09,Great opportunity to buy hydropower stocks,295,15
2023-06-24,Market volatility creating trading opportunities,288,66
2023-11-05,Great opportunity to buy hydropower stocks,147,123
2022-07-14,Investors confident about long term growth,10,28
2022-11-06,Market looks bearish today,152,14
2022-12-24,Great opportunity to buy hydropower stocks,177,57
2022-07-16,NEPSE might correct soon,265,127
2023-08-09,Banking stocks may rise tomorrow,323,38
2023-02-05,Market looks bearish today,201,145
2023-11-30,Hydropower stocks trending among investors,299,123
2022-07-12,Investors confident about long term growth,57,86
2022-12-05,NEPSE might correct soon,491,124
2023-07-21,NEPSE might correct soon,397,48
2022-11-09,Market looks bearish today,28,42
2023-04-27,Hydropower stocks trending among investors,360,120
2023-10-11,Hydropower stocks trending among investors,411,50
2023-10-21,Market looks bearish today,237,76
2022-07-16,Banking stocks may rise tomorrow,18,40
2022-11-06,Market volatility creating trading opportunities,108,30
2023-09-22,Banking sector showing strong momentum,269,63
2022-07-05,Hydropower stocks trending among investors,140,18
2022-11-08,Market looks bearish today,295,25
2022-10-02,NEPSE might correct soon,392,36
2022-06-17,Market looks bearish today,278,103
2022-01-24,Banking sector showing strong momentum,235,52
2022-01-25,Investors confident about long term growth,500,93
2023-08-21,Market volatility creating trading opportunities,40,2
2023-04-08,Banking sector showing strong momentum,433,71
2023-03-27,Banking sector showing strong momentum,50,75
2023-02-23,Market volatility creating trading opportunities,496,21
2022-01-12,Banking sector showing strong momentum,5,106
2023-05-17,Banking stocks may rise tomorrow,435,37
2022-06-16,Hydropower stocks trending among investors,83,36
2023-09-08,Market looks bearish today,224,110
2022-08-17,Investors confident about long term growth,460,5
2022-12-21,Market volatility creating trading opportunities,359,25
2022-03-25,Hydropower stocks trending among investors,265,32
2023-05-19,Market volatility creating trading opportunities,53,32
2022-08-02,Market volatility creating trading opportunities,297,52
2022-08-11,Investors confident about long term growth,447,124
2022-02-25,Market volatility creating trading opportunities,427,49
2022-07-09,Market looks bearish today,35,121
2022-04-01,Market looks bearish today,404,81
2022-03-25,Hydropower stocks trending among investors,213,25
2022-11-26,Market volatility creating trading opportunities,488,3
2023-08-15,Banking stocks may rise tomorrow,97,92
2022-06-26,Market looks bearish today,380,26
2022-02-22,Banking stocks may rise tomorrow,190,140
2023-04-06,Market volatility creating trading opportunities,152,23
2022-01-05,Banking sector showing strong momentum,43,92
2023-07-04,Great opportunity to buy hydropower stocks,345,86
2022-11-20,Hydropower stocks trending among investors,218,128
2023-05-26,NEPSE might correct soon,119,149
2023-07-22,NEPSE might correct soon,196,3
2022-11-17,Great opportunity to buy hydropower stocks,53,139
2023-04-24,Investors confident about long term growth,105,51
2022-04-14,NEPSE might correct soon,115,79
2022-03-08,Hydropower stocks trending among investors,81,133
2023-03-07,Great opportunity to buy hydropower stocks,418,105
2023-07-08,Hydropower stocks trending among investors,279,81
2022-09-09,Market looks bearish today,155,139
2022-07-31,Investors confident about long term growth,449,131
2023-10-26,NEPSE might correct soon,222,88
2023-09-22,Market volatility creating trading opportunities,14,15
2022-12-26,Banking sector showing strong momentum,241,28
2022-09-03,Great opportunity to buy hydropower stocks,282,18
2023-11-15,Banking stocks may rise tomorrow,183,32
2023-06-14,Banking stocks may rise tomorrow,269,150
2022-09-01,Banking stocks may rise tomorrow,405,115
2023-09-09,Great opportunity to buy hydropower stocks,423,117
2023-05-31,Banking sector showing strong momentum,472,14
2023-01-22,Investors confident about long term growth,49,22
2022-06-05,NEPSE might correct soon,337,68
2023-02-27,Investors confident about long term growth,419,25
2022-10-28,Banking stocks may rise tomorrow,450,24
2023-02-27,Market looks bearish today,261,85
2022-08-10,NEPSE might correct soon,331,11
2023-10-11,Investors confident about long term growth,327,23
2023-09-22,Market looks bearish today,209,22
2022-07-04,Market looks bearish today,332,57
2022-04-22,Banking stocks may rise tomorrow,385,132
2022-08-10,Banking stocks may rise tomorrow,185,54
2022-01-30,Banking sector showing strong momentum,480,56
2022-07-04,NEPSE might correct soon,343,141
2022-01-28,Banking sector showing strong momentum,499,70
2022-10-09,Great opportunity to buy hydropower stocks,304,86
2022-07-10,Investors confident about long term growth,287,20
2022-04-02,NEPSE might correct soon,413,4
2023-01-22,Market volatility creating trading opportunities,373,31
2022-02-12,Hydropower stocks trending among investors,440,146
2023-07-01,Hydropower stocks trending among investors,499,13
2023-08-28,Market volatility creating trading opportunities,243,109
2023-02-06,Market looks bearish today,410,82
2023-07-17,Great opportunity to buy hydropower stocks,170,146
2022-07-02,Hydropower stocks trending among investors,274,38
2022-11-21,Market looks bearish today,352,85
2022-11-13,Banking sector showing strong momentum,316,24
2023-05-07,Market looks bearish today,307,127
2023-03-13,Great opportunity to buy hydropower stocks,384,99
2022-10-31,Banking sector showing strong momentum,296,122
2023-06-07,Banking sector showing strong momentum,479,88
2023-11-18,Great opportunity to buy hydropower stocks,470,105
2022-12-01,Market volatility creating trading opportunities,388,29
2022-11-24,Market volatility creating trading opportunities,330,26
2022-05-03,Market looks bearish today,100,137
2022-04-17,Market looks bearish today,246,111
2023-10-05,Great opportunity to buy hydropower stocks,384,104
2023-01-21,Hydropower stocks trending among investors,274,2
2023-08-06,Banking stocks may rise tomorrow,166,89
2022-04-05,Great opportunity to buy hydropower stocks,486,69
2023-06-27,Banking sector showing strong momentum,414,144
2023-11-28,Market volatility creating trading opportunities,146,12
2022-07-21,Market volatility creating trading opportunities,326,103
2022-07-19,Great opportunity to buy hydropower stocks,80,103
2023-03-29,Banking stocks may rise tomorrow,491,91
2022-08-21,Investors confident about long term growth,334,83
2023-05-01,Banking stocks may rise tomorrow,93,15
2022-01-18,NEPSE might correct soon,344,125
2022-07-03,Banking stocks may rise tomorrow,213,38
2022-08-16,Market volatility creating trading opportunities,461,46
2023-05-01,Banking stocks may rise tomorrow,402,123
2023-02-13,Market volatility creating trading opportunities,272,64
2022-01-10,NEPSE might correct soon,73,6
2023-10-12,Great opportunity to buy hydropower stocks,423,20
2022-03-03,Banking sector showing strong momentum,76,19
2023-02-19,Investors confident about long term growth,283,17
2022-10-03,Market looks bearish today,437,8
2023-01-21,Banking sector showing strong momentum,414,67
2022-07-08,Investors confident about long term growth,288,38
2022-01-05,Banking sector showing strong momentum,383,115
2023-09-23,Banking sector showing strong momentum,393,91
2022-03-12,Market looks bearish today,374,61
2023-05-14,Banking stocks may rise tomorrow,187,132
2023-08-23,Market looks bearish today,488,105
2023-03-23,Great opportunity to buy hydropower stocks,184,54
2022-06-06,Hydropower stocks trending among investors,343,30
2022-03-06,Market looks bearish today,76,68
2023-05-11,Market looks bearish today,121,148
2023-06-18,Investors confident about long term growth,143,113
2022-03-31,Great opportunity to buy hydropower stocks,143,74
2023-06-21,NEPSE might correct soon,221,37
2022-11-16,NEPSE might correct soon,461,9
2023-04-03,Investors confident about long term growth,17,127
2023-05-19,Banking stocks may rise tomorrow,310,109
2022-08-06,Market looks bearish today,106,32
2023-09-03,Market volatility creating trading opportunities,125,138
2022-01-06,Banking sector showing strong momentum,301,110
2022-01-10,Market volatility creating trading opportunities,67,27
2022-04-18,Banking stocks may rise tomorrow,56,30
2022-04-17,Market volatility creating trading opportunities,444,93
2023-09-16,Hydropower stocks trending among investors,399,129
2023-06-02,Great opportunity to buy hydropower stocks,493,133
2022-06-01,Market volatility creating trading opportunities,35,23
2022-10-01,Banking stocks may rise tomorrow,388,60
2023-09-09,Investors confident about long term growth,441,60
2023-01-19,Market volatility creating trading opportunities,278,104
2023-07-26,Banking stocks may rise tomorrow,38,93
2023-05-13,NEPSE might correct soon,203,32
2022-10-05,Market volatility creating trading opportunities,16,1
2022-11-02,Great opportunity to buy hydropower stocks,186,127
2023-08-06,Banking stocks may rise tomorrow,261,97
2022-06-06,Hydropower stocks trending among investors,239,36
2023-04-19,NEPSE might correct soon,382,78
2023-08-29,Banking stocks may rise tomorrow,427,17
2022-11-03,Banking sector showing strong momentum,247,137
2022-10-10,Banking stocks may rise tomorrow,452,7
2022-12-20,Banking stocks may rise tomorrow,447,20
2023-08-08,Investors confident about long term growth,170,91
2022-03-20,Investors confident about long term growth,98,81
2023-11-05,Investors confident about long term growth,5,61
2022-08-25,Banking stocks may rise tomorrow,142,37
2022-10-08,Market looks bearish today,163,61
2023-09-11,NEPSE might correct soon,255,48
2022-04-25,Investors confident about long term growth,76,81
2022-04-03,Hydropower stocks trending among investors,407,62
2023-05-26,Market looks bearish today,113,144
2023-03-02,NEPSE might correct soon,287,135
2022-05-06,Banking stocks may rise tomorrow,91,30
2023-04-22,Banking stocks may rise tomorrow,218,126
2023-07-18,Banking stocks may rise tomorrow,152,16
2022-02-12,Great opportunity to buy hydropower stocks,31,59
2022-07-11,Hydropower stocks trending among investors,86,104
2022-11-30,Banking sector showing strong momentum,187,98
2023-05-11,Banking stocks may rise tomorrow,111,3
2022-12-06,NEPSE might correct soon,359,101
2023-06-20,Market volatility creating trading opportunities,492,50
2023-02-02,Market volatility creating trading opportunities,136,125
2023-09-25,Hydropower stocks trending among investors,340,133
2022-08-21,Banking stocks may rise tomorrow,15,25
2023-08-16,Great opportunity to buy hydropower stocks,289,110
2022-08-15,Investors confident about long term growth,119,120
2022-06-25,Market looks bearish today,189,140
2022-07-01,Market looks bearish today,179,22
2023-02-19,Banking stocks may rise tomorrow,226,20
2023-10-13,Banking sector showing strong momentum,51,55
2022-01-04,NEPSE might correct soon,393,102
2023-09-20,Market looks bearish today,196,111
2022-08-06,Banking stocks may rise tomorrow,404,43
2022-12-24,Banking sector showing strong momentum,366,12
2023-09-19,Great opportunity to buy hydropower stocks,356,94
2022-09-18,Hydropower stocks trending among investors,30,77
2023-10-10,Banking sector showing strong momentum,346,37
2023-06-19,Market looks bearish today,23,125
2022-06-14,Market volatility creating trading opportunities,87,24
2022-11-11,NEPSE might correct soon,355,99
2022-03-17,Market volatility creating trading opportunities,378,49
2022-02-07,Great opportunity to buy hydropower stocks,254,12
2023-04-20,Hydropower stocks trending among investors,360,9
2023-05-20,Banking stocks may rise tomorrow,108,13
2023-09-06,Banking sector showing strong momentum,15,102
2023-11-26,Market looks bearish today,86,74
2023-08-23,Banking stocks may rise tomorrow,305,47
2023-06-15,Hydropower stocks trending among investors,168,52
2023-07-24,Banking sector showing strong momentum,325,28
2022-06-06,Hydropower stocks trending among investors,190,72
2022-11-22,Market volatility creating trading opportunities,278,23
2023-05-21,Market volatility creating trading opportunities,488,16
2023-07-17,Banking stocks may rise tomorrow,239,76
2023-04-11,Market volatility creating trading opportunities,252,53
2023-06-29,Market looks bearish today,371,20
2023-08-21,Great opportunity to buy hydropower stocks,258,123
2022-02-17,Great opportunity to buy hydropower stocks,400,131
2023-09-02,Banking stocks may rise tomorrow,416,59
2022-10-13,Banking stocks may rise tomorrow,415,101
2022-11-03,Great opportunity to buy hydropower stocks,12,27
2022-03-16,Market volatility creating trading opportunities,10,38
2022-07-06,NEPSE might correct soon,222,53
2022-01-26,Hydropower stocks trending among investors,166,149
2023-01-24,Investors confident about long term growth,20,76
2022-01-21,Banking sector showing strong momentum,127,5
2023-03-16,Great opportunity to buy hydropower stocks,120,94
2022-08-16,Great opportunity to buy hydropower stocks,26,24
2022-06-06,Hydropower stocks trending among investors,169,43
2023-05-09,NEPSE might correct soon,412,145
2022-12-31,Hydropower stocks trending among investors,232,31
2023-03-05,Banking sector showing strong momentum,123,114
2022-07-08,Market looks bearish today,106,10
2023-10-27,Hydropower stocks trending among investors,444,97
2023-06-28,Investors confident about long term growth,219,56
2023-07-23,Hydropower stocks trending among investors,486,132
2023-08-20,Market volatility creating trading opportunities,17,24
2023-11-27,Market looks bearish today,446,121
2022-07-18,Market volatility creating trading opportunities,462,59
2022-07-16,Investors confident about long term growth,376,100
2023-07-12,Banking stocks may rise tomorrow,247,23
2022-03-25,Banking stocks may rise tomorrow,49,81
2023-07-15,Investors confident about long term growth,86,109
2023-06-17,Investors confident about long term growth,463,135
2023-05-26,Great opportunity to buy hydropower stocks,391,56
2023-07-31,Great opportunity to buy hydropower stocks,233,76
2023-11-02,NEPSE might correct soon,279,62
2022-08-13,Market looks bearish today,164,100
2022-02-28,Banking sector showing strong momentum,121,54
2022-04-15,Market volatility creating trading opportunities,145,43
2022-12-05,Investors confident about long term growth,55,9
2023-11-15,NEPSE might correct soon,395,55
2022-06-17,Banking sector showing strong momentum,149,110
2022-10-16,Great opportunity to buy hydropower stocks,100,18
2022-10-18,Market volatility creating trading opportunities,100,109
2022-11-03,Investors confident about long term growth,467,131
2022-07-08,Market looks bearish today,191,81
2022-03-06,NEPSE might correct soon,333,136
2023-06-09,Banking stocks may rise tomorrow,361,126
2023-06-06,Banking stocks may rise tomorrow,340,82
2023-08-02,Market volatility creating trading opportunities,209,29
2023-02-14,Banking stocks may rise tomorrow,278,18
2023-05-24,Investors confident about long term growth,328,89
2023-07-15,Great opportunity to buy hydropower stocks,298,17
2023-02-04,Banking stocks may rise tomorrow,371,41
2023-04-05,NEPSE might correct soon,412,49
2022-06-10,Market looks bearish today,180,36
2023-03-31,Banking sector showing strong momentum,254,140
2023-10-11,Great opportunity to buy hydropower stocks,447,78
2022-05-10,Investors confident about long term growth,139,12
2023-01-19,Market looks bearish today,319,25
2022-10-30,Banking sector showing strong momentum,163,48
2022-05-18,Hydropower stocks trending among investors,126,115
2023-11-20,Hydropower stocks trending among investors,64,142
2022-11-25,Market volatility creating trading opportunities,26,53
2022-04-10,Hydropower stocks trending among investors,453,51
2023-12-02,Banking sector showing strong momentum,166,114
2023-10-06,Investors confident about long term growth,365,89
2022-04-28,Great opportunity to buy hydropower stocks,257,36
2022-03-09,Great opportunity to buy hydropower stocks,374,119
2023-05-03,Great opportunity to buy hydropower stocks,442,135
2022-12-13,Investors confident about long term growth,103,97
2022-11-19,Banking stocks may rise tomorrow,433,48
2022-03-20,Market volatility creating trading opportunities,150,18
2022-03-26,Banking sector showing strong momentum,168,75
2023-10-22,Hydropower stocks trending among investors,487,29
2023-08-20,Market looks bearish today,429,35
2022-06-22,Hydropower stocks trending among investors,488,133
2023-09-27,Market volatility creating trading opportunities,185,10
2023-07-25,Market volatility creating trading opportunities,201,24
2022-04-07,Market volatility creating trading opportunities,286,68
2023-06-06,Hydropower stocks trending among investors,461,42
2023-02-18,Great opportunity to buy hydropower stocks,21,75
2022-10-18,Banking stocks may rise tomorrow,240,61
2022-03-09,Hydropower stocks trending among investors,478,25
2023-11-10,Banking stocks may rise tomorrow,45,66
2023-01-22,Great opportunity to buy hydropower stocks,475,71
2022-01-13,Great opportunity to buy hydropower stocks,182,36
2023-08-27,Hydropower stocks trending among investors,234,77
2023-04-10,Market volatility creating trading opportunities,133,148
2023-12-02,Investors confident about long term growth,223,126
2022-02-12,Banking sector showing strong momentum,154,108
2022-06-28,Hydropower stocks trending among investors,58,8
2022-11-03,Banking sector showing strong momentum,43,125
2022-06-21,Market volatility creating trading opportunities,13,62
2022-01-11,Market looks bearish today,52,15
2022-03-14,Great opportunity to buy hydropower stocks,437,19
2023-03-25,Investors confident about long term growth,477,48
2023-06-19,Investors confident about long term growth,151,73
2022-03-01,Great opportunity to buy hydropower stocks,45,63
2023-10-21,Banking stocks may rise tomorrow,86,72
2022-06-02,Banking stocks may rise tomorrow,142,101
2023-06-09,NEPSE might correct soon,322,108
2022-09-13,Banking stocks may rise tomorrow,410,10
2022-11-24,Hydropower stocks trending among investors,174,145
2022-01-20,Banking sector showing strong momentum,496,124
2022-05-06,Banking sector showing strong momentum,356,93
2023-06-18,NEPSE might correct soon,164,134
2023-11-01,Great opportunity to buy hydropower stocks,253,127
2022-03-24,Banking stocks may rise tomorrow,344,125
2023-09-25,Market looks bearish today,306,71
2022-02-24,Hydropower stocks trending among investors,303,62
2023-07-20,Investors confident about long term growth,26,114
2023-04-24,Investors confident about long term growth,255,33
2023-06-05,Market volatility creating trading opportunities,438,53
2023-11-07,Market looks bearish today,238,92
2023-07-09,Hydropower stocks trending among investors,153,85
2022-12-22,Banking stocks may rise tomorrow,108,91
2023-02-21,Hydropower stocks trending among investors,434,116
2022-11-13,Market volatility creating trading opportunities,387,14
2022-01-16,Banking sector showing strong momentum,499,117
2022-04-04,Hydropower stocks trending among investors,350,5
2022-12-17,Banking sector showing strong momentum,111,101
2023-04-06,Hydropower stocks trending among investors,316,46
2022-02-19,Investors confident about long term growth,499,61
2022-05-26,Banking sector showing strong momentum,239,43
2023-02-15,Banking stocks may rise tomorrow,111,141
2023-06-15,Market volatility creating trading opportunities,118,7
2023-07-10,Banking sector showing strong momentum,134,18
2022-02-06,Investors confident about long term growth,251,28
2022-11-21,Investors confident about long term growth,33,68
2022-06-11,Banking sector showing strong momentum,353,71
2023-09-15,Great opportunity to buy hydropower stocks,178,72
2022-12-17,Banking stocks may rise tomorrow,308,115
2022-04-12,Investors confident about long term growth,238,141
2022-07-28,Investors confident about long term growth,276,74
2022-08-25,Hydropower stocks trending among investors,443,83
2022-11-15,Investors confident about long term growth,79,100
2022-05-26,Market volatility creating trading opportunities,138,93
2022-03-30,Market looks bearish today,439,115
2023-05-06,Great opportunity to buy hydropower stocks,143,9
2022-02-24,Great opportunity to buy hydropower stocks,306,109
2022-02-24,NEPSE might correct soon,213,98
2023-11-17,NEPSE might correct soon,391,28
2022-12-09,Banking sector showing strong momentum,469,65
2023-09-28,Market looks bearish today,359,143
2022-09-12,Market volatility creating trading opportunities,458,82
2022-02-03,Banking sector showing strong momentum,384,104
2023-11-26,Banking sector showing strong momentum,290,1
2023-01-03,NEPSE might correct soon,247,114
2022-12-05,Investors confident about long term growth,260,25
2023-03-29,Market looks bearish today,358,43
2022-07-15,Banking sector showing strong momentum,59,85
2022-02-02,Banking sector showing strong momentum,379,21
2022-03-20,Banking sector showing strong momentum,141,121
2022-06-19,Great opportunity to buy hydropower stocks,77,23
2022-09-21,Market volatility creating trading opportunities,372,36
2022-10-21,NEPSE might correct soon,257,38
2023-11-30,Banking stocks may rise tomorrow,418,2
2023-08-26,Banking stocks may rise tomorrow,254,2
2023-07-02,NEPSE might correct soon,299,80
2023-08-16,Market looks bearish today,297,54
2023-09-11,Great opportunity to buy hydropower stocks,134,56
2023-03-02,Great opportunity to buy hydropower stocks,209,13
2022-11-07,Market looks bearish today,234,35
2022-01-27,Market looks bearish today,68,16
2022-05-05,Investors confident about long term growth,434,20
2022-01-31,Market volatility creating trading opportunities,258,83
2023-10-13,Market volatility creating trading opportunities,312,57
2023-01-02,Market looks bearish today,276,52
2023-06-25,Investors confident about long term growth,320,15
2022-03-08,Hydropower stocks trending among investors,383,137
2022-11-20,Banking stocks may rise tomorrow,488,109
2022-07-23,Banking stocks may rise tomorrow,11,46
2023-08-06,Great opportunity to buy hydropower stocks,440,68
2022-12-05,Investors confident about long term growth,357,141
2022-06-01,Banking sector showing strong momentum,296,144
2023-04-08,NEPSE might correct soon,440,100
2023-05-22,Hydropower stocks trending among investors,188,83
2023-08-23,Great opportunity to buy hydropower stocks,343,141
2023-01-18,Hydropower stocks trending among investors,10,47
2022-02-10,Banking stocks may rise tomorrow,368,142
2023-09-24,Hydropower stocks trending among investors,470,29
2023-09-11,Investors confident about long term growth,260,142
2023-11-29,Banking stocks may rise tomorrow,298,43
2023-03-09,Market volatility creating trading opportunities,498,64
2023-06-22,NEPSE might correct soon,37,92
2022-11-22,Market looks bearish today,421,88
2022-01-29,Great opportunity to buy hydropower stocks,359,143
2023-08-30,Market volatility creating trading opportunities,109,66
2023-09-21,Great opportunity to buy hydropower stocks,396,3
2023-02-24,Investors confident about long term growth,468,129
2022-10-04,Great opportunity to buy hydropower stocks,85,130
2022-11-30,Banking sector showing strong momentum,271,32
2023-05-01,NEPSE might correct soon,87,59
2023-11-08,Great opportunity to buy hydropower stocks,471,150
2022-10-06,Hydropower stocks trending among investors,110,121
2022-01-07,NEPSE might correct soon,138,68
2022-01-22,Hydropower stocks trending among investors,185,41
2022-07-31,Investors confident about long term growth,197,79
2023-04-29,Investors confident about long term growth,307,21
2023-07-31,Hydropower stocks trending among investors,157,23
2023-08-31,Market volatility creating trading opportunities,377,4
2022-10-22,NEPSE might correct soon,177,12
2023-11-23,Investors confident about long term growth,10,33
2023-02-01,Hydropower stocks trending among investors,371,138
2023-01-23,Banking stocks may rise tomorrow,39,76
2023-09-28,Great opportunity to buy hydropower stocks,434,94
2022-12-28,Banking stocks may rise tomorrow,310,87
2022-07-11,Banking sector showing strong momentum,145,46
2023-11-20,NEPSE might correct soon,88,98
2023-02-06,Banking stocks may rise tomorrow,309,43
2022-02-15,NEPSE might correct soon,248,38
2022-02-23,NEPSE might correct soon,406,121
2022-09-11,Investors confident about long term growth,15,55
2022-04-28,Banking stocks may rise tomorrow,255,6
2022-03-11,Great opportunity to buy hydropower stocks,390,135
2023-11-07,Banking sector showing strong momentum,104,137
2023-01-31,Hydropower stocks trending among investors,161,14
2022-02-28,Market looks bearish today,443,3
2022-10-07,Investors confident about long term growth,411,128
2022-08-03,Market looks bearish today,183,1
2022-07-25,Hydropower stocks trending among investors,199,67
2023-09-18,Banking sector showing strong momentum,406,103
2023-04-06,Market volatility creating trading opportunities,341,92
2022-05-20,Investors confident about long term growth,280,7
2023-10-09,Hydropower stocks trending among investors,290,51
2023-01-31,Banking sector showing strong momentum,493,12
2023-12-02,Market volatility creating trading opportunities,207,108
2023-06-30,Banking stocks may rise tomorrow,444,115
2023-07-06,Investors confident about long term growth,369,4
2023-04-03,NEPSE might correct soon,268,20
2023-11-05,Hydropower stocks trending among investors,314,92
2023-09-11,Great opportunity to buy hydropower stocks,105,8
2023-09-12,Investors confident about long term growth,484,58
2023-04-04,Great opportunity to buy hydropower stocks,27,12
2022-04-25,Hydropower stocks trending among investors,113,85
2022-07-24,Market volatility creating trading opportunities,475,63
2022-10-12,Investors confident about long term growth,362,126
2023-11-24,Market looks bearish today,166,14
2023-08-30,Investors confident about long term growth,429,130
2023-07-13,Market looks bearish today,445,94
2022-08-02,Banking stocks may rise tomorrow,10,141
2022-01-28,Hydropower stocks trending among investors,211,72
2023-07-05,NEPSE might correct soon,173,75
2023-11-19,Great opportunity to buy hydropower stocks,412,122
2022-11-24,Great opportunity to buy hydropower stocks,167,142
2022-10-10,Banking stocks may rise tomorrow,32,35
2022-12-10,Great opportunity to buy hydropower stocks,57,58
2023-04-06,Great opportunity to buy hydropower stocks,91,14
2022-05-29,Market looks bearish today,104,80
2022-01-16,Banking sector showing strong momentum,231,93
2022-12-30,NEPSE might correct soon,245,26
2022-01-15,Market looks bearish today,74,119
2023-10-10,Banking stocks may rise tomorrow,204,109
2022-07-01,Banking stocks may rise tomorrow,53,141
2022-09-25,Market looks bearish today,110,9
2022-06-11,Investors confident about long term growth,239,26
2023-11-27,NEPSE might correct soon,187,11
2023-03-12,Market volatility creating trading opportunities,371,47
2023-06-25,Investors confident about long term growth,283,81
2023-08-27,Banking stocks may rise tomorrow,411,63
2023-07-11,Great opportunity to buy hydropower stocks,143,24
2022-11-21,Market volatility creating trading opportunities,149,23
2023-03-04,Banking sector showing strong momentum,305,62
2022-02-10,NEPSE might correct soon,161,114
2022-10-13,Investors confident about long term growth,471,97
2022-07-25,Hydropower stocks trending among investors,74,74
2022-12-17,Banking sector showing strong momentum,228,65
2022-12-04,NEPSE might correct soon,327,77
2023-05-26,Banking sector showing strong momentum,104,12
2023-03-10,Banking sector showing strong momentum,151,139
2022-02-16,Great opportunity to buy hydropower stocks,344,2
2022-01-18,Banking stocks may rise tomorrow,117,8
2023-05-29,Banking stocks may rise tomorrow,303,57
2022-01-12,Great opportunity to buy hydropower stocks,273,48
2022-05-03,Hydropower stocks trending among investors,415,15
2022-10-19,Banking stocks may rise tomorrow,56,22
2023-07-22,Great opportunity to buy hydropower stocks,86,44
2022-05-29,NEPSE might correct soon,472,22
2023-06-30,Banking sector showing strong momentum,269,30
2022-01-28,Banking sector showing strong momentum,246,130
2023-01-17,Hydropower stocks trending among investors,362,29
2022-07-02,Great opportunity to buy hydropower stocks,32,53
2023-05-25,Hydropower stocks trending among investors,364,12
2023-10-29,Investors confident about long term growth,296,54
2023-01-23,Market volatility creating trading opportunities,369,65
2023-04-14,Hydropower stocks trending among investors,344,12
2023-09-16,NEPSE might correct soon,254,13
2022-10-04,Investors confident about long term growth,414,123
2022-05-05,Market looks bearish today,170,55
2022-06-15,Great opportunity to buy hydropower stocks,290,94
2023-07-02,NEPSE might correct soon,419,122
2023-05-17,NEPSE might correct soon,362,138
2022-06-20,Market volatility creating trading opportunities,239,50
2022-08-12,Banking stocks may rise tomorrow,263,141
2023-09-12,Hydropower stocks trending among investors,413,20
2023-02-20,Banking stocks may rise tomorrow,441,136
2023-02-22,Banking stocks may rise tomorrow,499,27
2023-06-29,Market volatility creating trading opportunities,189,15
2022-08-23,Banking stocks may rise tomorrow,368,12
2023-03-21,Great opportunity to buy hydropower stocks,353,89
2022-09-12,NEPSE might correct soon,345,111
2022-10-18,Investors confident about long term growth,444,108
2022-04-18,Investors confident about long term growth,461,82
2022-04-15,Hydropower stocks trending among investors,137,24
2023-09-01,Hydropower stocks trending among investors,55,76
2023-10-16,Great opportunity to buy hydropower stocks,338,75
2023-02-07,Market volatility creating trading opportunities,56,55
2022-12-06,NEPSE might correct soon,443,89
2022-08-12,Investors confident about long term growth,191,146
2022-03-11,Market volatility creating trading opportunities,100,98
2023-07-31,Market volatility creating trading opportunities,269,81
2022-03-27,Banking sector showing strong momentum,74,40
2022-03-04,Market volatility creating trading opportunities,459,83
2022-01-06,Investors confident about long term growth,133,137
2022-02-14,Banking sector showing strong momentum,457,147
2023-02-06,Investors confident about long term growth,120,16
2023-04-11,Hydropower stocks trending among investors,470,142
2023-06-19,Market looks bearish today,150,27
2022-04-28,NEPSE might correct soon,124,3
2023-03-01,Market volatility creating trading opportunities,191,40
2022-11-11,Hydropower stocks trending among investors,433,57
2022-03-01,Great opportunity to buy hydropower stocks,249,19
2023-06-04,Investors confident about long term growth,48,76
2022-08-26,NEPSE might correct soon,168,109
2023-11-06,Great opportunity to buy hydropower stocks,390,56
2022-09-11,Market volatility creating trading opportunities,212,68
2023-11-16,Hydropower stocks trending among investors,148,80
2023-05-01,Banking sector showing strong momentum,305,36
2022-02-28,Market looks bearish today,376,26
2022-05-18,Investors confident about long term growth,443,76
